scope,station,from_line,from_direction_key,to_line,to_direction_key,position_primary,status,source_kind,canonical_namu_url,evidence_url,note
current_app,논현,신분당선,신논현,7호선,반포,,needs_verification,namu_station,https://namu.wiki/w/%EC%88%98%EB%8F%84%EA%B6%8C%20%EC%A0%84%EC%B2%A0%20%ED%99%98%EC%8A%B9%20%EC%A0%95%EB%B3%B4,https://namu.moe/w/%EB%85%BC%ED%98%84%EC%97%AD,최신 개별 역 문서에서 숫자형 빠른환승 위치 미확정
current_app,논현,신분당선,신논현,7호선,학동,,needs_verification,namu_station,https://namu.wiki/w/%EC%88%98%EB%8F%84%EA%B6%8C%20%EC%A0%84%EC%B2%A0%20%ED%99%98%EC%8A%B9%20%EC%A0%95%EB%B3%B4,https://namu.moe/w/%EB%85%BC%ED%98%84%EC%97%AD,최신 개별 역 문서에서 숫자형 빠른환승 위치 미확정
current_app,논현,신분당선,신사,7호선,반포,,needs_verification,namu_station,https://namu.wiki/w/%EC%88%98%EB%8F%84%EA%B6%8C%20%EC%A0%84%EC%B2%A0%20%ED%99%98%EC%8A%B9%20%EC%A0%95%EB%B3%B4,https://namu.moe/w/%EB%85%BC%ED%98%84%EC%97%AD,최신 개별 역 문서에서 숫자형 빠른환승 위치 미확정
current_app,논현,신분당선,신사,7호선,학동,,needs_verification,namu_station,https://namu.wiki/w/%EC%88%98%EB%8F%84%EA%B6%8C%20%EC%A0%84%EC%B2%A0%20%ED%99%98%EC%8A%B9%20%EC%A0%95%EB%B3%B4,https://namu.moe/w/%EB%85%BC%ED%98%84%EC%97%AD,최신 개별 역 문서에서 숫자형 빠른환승 위치 미확정
current_app,미금,수인분당선,오리,신분당선,동천,,needs_verification,official_public_data_ambiguous,https://namu.wiki/w/%EC%88%98%EB%8F%84%EA%B6%8C%20%EC%A0%84%EC%B2%A0%20%ED%99%98%EC%8A%B9%20%EC%A0%95%EB%B3%B4/%EC%88%98%EB%8F%84%EA%B6%8C%20%EC%A0%84%EC%B2%A0%20%EC%88%98%EC%9D%B8%C2%B7%EB%B6%84%EB%8B%B9%EC%84%A0,https://www.data.go.kr/data/15041060/fileData.do,공공데이터 후보 위치는 존재하나 출발 방향 컬럼이 없어 방향별 확정 전 보류
current_app,미금,수인분당선,오리,신분당선,정자,,needs_verification,official_public_data_ambiguous,https://namu.wiki/w/%EC%88%98%EB%8F%84%EA%B6%8C%20%EC%A0%84%EC%B2%A0%20%ED%99%98%EC%8A%B9%20%EC%A0%95%EB%B3%B4/%EC%88%98%EB%8F%84%EA%B6%8C%20%EC%A0%84%EC%B2%A0%20%EC%88%98%EC%9D%B8%C2%B7%EB%B6%84%EB%8B%B9%EC%84%A0,https://www.data.go.kr/data/15041060/fileData.do,공공데이터 후보 위치는 존재하나 출발 방향 컬럼이 없어 방향별 확정 전 보류
current_app,미금,수인분당선,정자,신분당선,동천,,needs_verification,official_public_data_ambiguous,https://namu.wiki/w/%EC%88%98%EB%8F%84%EA%B6%8C%20%EC%A0%84%EC%B2%A0%20%ED%99%98%EC%8A%B9%20%EC%A0%95%EB%B3%B4/%EC%88%98%EB%8F%84%EA%B6%8C%20%EC%A0%84%EC%B2%A0%20%EC%88%98%EC%9D%B8%C2%B7%EB%B6%84%EB%8B%B9%EC%84%A0,https://www.data.go.kr/data/15041060/fileData.do,공공데이터 후보 위치는 존재하나 출발 방향 컬럼이 없어 방향별 확정 전 보류
current_app,미금,수인분당선,정자,신분당선,정자,,needs_verification,official_public_data_ambiguous,https://namu.wiki/w/%EC%88%98%EB%8F%84%EA%B6%8C%20%EC%A0%84%EC%B2%A0%20%ED%99%98%EC%8A%B9%20%EC%A0%95%EB%B3%B4/%EC%88%98%EB%8F%84%EA%B6%8C%20%EC%A0%84%EC%B2%A0%20%EC%88%98%EC%9D%B8%C2%B7%EB%B6%84%EB%8B%B9%EC%84%A0,https://www.data.go.kr/data/15041060/fileData.do,공공데이터 후보 위치는 존재하나 출발 방향 컬럼이 없어 방향별 확정 전 보류
current_app,미금,신분당선,동천,수인분당선,오리,,needs_verification,official_public_data_ambiguous,https://namu.wiki/w/%EC%88%98%EB%8F%84%EA%B6%8C%20%EC%A0%84%EC%B2%A0%20%ED%99%98%EC%8A%B9%20%EC%A0%95%EB%B3%B4,https://www.data.go.kr/data/15041072/fileData.do?recommendDataYn=Y,공공데이터 후보 위치는 존재하나 출발 방향 컬럼이 없어 방향별 확정 전 보류
current_app,미금,신분당선,동천,수인분당선,정자,,needs_verification,official_public_data_ambiguous,https://namu.wiki/w/%EC%88%98%EB%8F%84%EA%B6%8C%20%EC%A0%84%EC%B2%A0%20%ED%99%98%EC%8A%B9%20%EC%A0%95%EB%B3%B4,https://www.data.go.kr/data/15041072/fileData.do?recommendDataYn=Y,공공데이터 후보 위치는 존재하나 출발 방향 컬럼이 없어 방향별 확정 전 보류
current_app,미금,신분당선,정자,수인분당선,오리,,needs_verification,official_public_data_ambiguous,https://namu.wiki/w/%EC%88%98%EB%8F%84%EA%B6%8C%20%EC%A0%84%EC%B2%A0%20%ED%99%98%EC%8A%B9%20%EC%A0%95%EB%B3%B4,https://www.data.go.kr/data/15041072/fileData.do?recommendDataYn=Y,공공데이터 후보 위치는 존재하나 출발 방향 컬럼이 없어 방향별 확정 전 보류
current_app,미금,신분당선,정자,수인분당선,정자,,needs_verification,official_public_data_ambiguous,https://namu.wiki/w/%EC%88%98%EB%8F%84%EA%B6%8C%20%EC%A0%84%EC%B2%A0%20%ED%99%98%EC%8A%B9%20%EC%A0%95%EB%B3%B4,https://www.data.go.kr/data/15041072/fileData.do?recommendDataYn=Y,공공데이터 후보 위치는 존재하나 출발 방향 컬럼이 없어 방향별 확정 전 보류
current_app,신사,신분당선,,3호선,압구정,,needs_verification,namu_station,https://namu.wiki/w/%EC%88%98%EB%8F%84%EA%B6%8C%20%EC%A0%84%EC%B2%A0%20%ED%99%98%EC%8A%B9%20%EC%A0%95%EB%B3%B4,https://d.namu.moe/w/%EC%8B%A0%EC%82%AC%EC%97%AD,신분당선은 신사 종착. 최신 문서에서 숫자형 빠른환승 위치 미확정
current_app,신사,신분당선,,3호선,잠원,,needs_verification,namu_station,https://namu.wiki/w/%EC%88%98%EB%8F%84%EA%B6%8C%20%EC%A0%84%EC%B2%A0%20%ED%99%98%EC%8A%B9%20%EC%A0%95%EB%B3%B4,https://d.namu.moe/w/%EC%8B%A0%EC%82%AC%EC%97%AD,신분당선은 신사 종착. 최신 문서에서 숫자형 빠른환승 위치 미확정
current_app,정자,수인분당선,미금,신분당선,미금,,needs_verification,official_public_data_ambiguous,https://namu.wiki/w/%EC%88%98%EB%8F%84%EA%B6%8C%20%EC%A0%84%EC%B2%A0%20%ED%99%98%EC%8A%B9%20%EC%A0%95%EB%B3%B4/%EC%88%98%EB%8F%84%EA%B6%8C%20%EC%A0%84%EC%B2%A0%20%EC%88%98%EC%9D%B8%C2%B7%EB%B6%84%EB%8B%B9%EC%84%A0,https://www.data.go.kr/data/15041060/fileData.do,공공데이터 후보 위치는 존재하나 출발 방향 컬럼이 없어 방향별 확정 전 보류
current_app,정자,수인분당선,미금,신분당선,판교,,needs_verification,official_public_data_ambiguous,https://namu.wiki/w/%EC%88%98%EB%8F%84%EA%B6%8C%20%EC%A0%84%EC%B2%A0%20%ED%99%98%EC%8A%B9%20%EC%A0%95%EB%B3%B4/%EC%88%98%EB%8F%84%EA%B6%8C%20%EC%A0%84%EC%B2%A0%20%EC%88%98%EC%9D%B8%C2%B7%EB%B6%84%EB%8B%B9%EC%84%A0,https://www.data.go.kr/data/15041060/fileData.do,공공데이터 후보 위치는 존재하나 출발 방향 컬럼이 없어 방향별 확정 전 보류
current_app,정자,수인분당선,수내,신분당선,미금,,needs_verification,official_public_data_ambiguous,https://namu.wiki/w/%EC%88%98%EB%8F%84%EA%B6%8C%20%EC%A0%84%EC%B2%A0%20%ED%99%98%EC%8A%B9%20%EC%A0%95%EB%B3%B4/%EC%88%98%EB%8F%84%EA%B6%8C%20%EC%A0%84%EC%B2%A0%20%EC%88%98%EC%9D%B8%C2%B7%EB%B6%84%EB%8B%B9%EC%84%A0,https://www.data.go.kr/data/15041060/fileData.do,공공데이터 후보 위치는 존재하나 출발 방향 컬럼이 없어 방향별 확정 전 보류
current_app,정자,수인분당선,수내,신분당선,판교,,needs_verification,official_public_data_ambiguous,https://namu.wiki/w/%EC%88%98%EB%8F%84%EA%B6%8C%20%EC%A0%84%EC%B2%A0%20%ED%99%98%EC%8A%B9%20%EC%A0%95%EB%B3%B4/%EC%88%98%EB%8F%84%EA%B6%8C%20%EC%A0%84%EC%B2%A0%20%EC%88%98%EC%9D%B8%C2%B7%EB%B6%84%EB%8B%B9%EC%84%A0,https://www.data.go.kr/data/15041060/fileData.do,공공데이터 후보 위치는 존재하나 출발 방향 컬럼이 없어 방향별 확정 전 보류
current_app,정자,신분당선,미금,수인분당선,미금,,needs_verification,official_public_data_ambiguous,https://namu.wiki/w/%EC%88%98%EB%8F%84%EA%B6%8C%20%EC%A0%84%EC%B2%A0%20%ED%99%98%EC%8A%B9%20%EC%A0%95%EB%B3%B4,https://www.data.go.kr/data/15041072/fileData.do?recommendDataYn=Y,공공데이터 후보 위치는 존재하나 출발 방향 컬럼이 없어 방향별 확정 전 보류
current_app,정자,신분당선,미금,수인분당선,수내,,needs_verification,official_public_data_ambiguous,https://namu.wiki/w/%EC%88%98%EB%8F%84%EA%B6%8C%20%EC%A0%84%EC%B2%A0%20%ED%99%98%EC%8A%B9%20%EC%A0%95%EB%B3%B4,https://www.data.go.kr/data/15041072/fileData.do?recommendDataYn=Y,공공데이터 후보 위치는 존재하나 출발 방향 컬럼이 없어 방향별 확정 전 보류
current_app,정자,신분당선,판교,수인분당선,미금,,needs_verification,official_public_data_ambiguous,https://namu.wiki/w/%EC%88%98%EB%8F%84%EA%B6%8C%20%EC%A0%84%EC%B2%A0%20%ED%99%98%EC%8A%B9%20%EC%A0%95%EB%B3%B4,https://www.data.go.kr/data/15041072/fileData.do?recommendDataYn=Y,공공데이터 후보 위치는 존재하나 출발 방향 컬럼이 없어 방향별 확정 전 보류
current_app,정자,신분당선,판교,수인분당선,수내,,needs_verification,official_public_data_ambiguous,https://namu.wiki/w/%EC%88%98%EB%8F%84%EA%B6%8C%20%EC%A0%84%EC%B2%A0%20%ED%99%98%EC%8A%B9%20%EC%A0%95%EB%B3%B4,https://www.data.go.kr/data/15041072/fileData.do?recommendDataYn=Y,공공데이터 후보 위치는 존재하나 출발 방향 컬럼이 없어 방향별 확정 전 보류
future_network,검암,인천2호선,검바위,공항철도,계양,,needs_verification,topology_scaffold,https://namu.wiki/w/%EC%88%98%EB%8F%84%EA%B6%8C%20%EC%A0%84%EC%B2%A0%20%ED%99%98%EC%8A%B9%20%EC%A0%95%EB%B3%B4,,
future_network,검암,인천2호선,검바위,공항철도,청라국제도시,,needs_verification,topology_scaffold,https://namu.wiki/w/%EC%88%98%EB%8F%84%EA%B6%8C%20%EC%A0%84%EC%B2%A0%20%ED%99%98%EC%8A%B9%20%EC%A0%95%EB%B3%B4,,
future_network,검암,인천2호선,독정,공항철도,계양,,needs_verification,topology_scaffold,https://namu.wiki/w/%EC%88%98%EB%8F%84%EA%B6%8C%20%EC%A0%84%EC%B2%A0%20%ED%99%98%EC%8A%B9%20%EC%A0%95%EB%B3%B4,,
future_network,검암,인천2호선,독정,공항철도,청라국제도시,,needs_verification,topology_scaffold,https://namu.wiki/w/%EC%88%98%EB%8F%84%EA%B6%8C%20%EC%A0%84%EC%B2%A0%20%ED%99%98%EC%8A%B9%20%EC%A0%95%EB%B3%B4,,
future_network,구성,GTX-A,동탄,수인분당선,보정,,needs_verification,topology_scaffold,https://namu.wiki/w/%EC%88%98%EB%8F%84%EA%B6%8C%20%EC%A0%84%EC%B2%A0%20%ED%99%98%EC%8A%B9%20%EC%A0%95%EB%B3%B4,,
future_network,구성,GTX-A,동탄,수인분당선,신갈,,needs_verification,topology_scaffold,https://namu.wiki/w/%EC%88%98%EB%8F%84%EA%B6%8C%20%EC%A0%84%EC%B2%A0%20%ED%99%98%EC%8A%B9%20%EC%A0%95%EB%B3%B4,,
future_network,구성,GTX-A,성남,수인분당선,보정,,needs_verification,topology_scaffold,https://namu.wiki/w/%EC%88%98%EB%8F%84%EA%B6%8C%20%EC%A0%84%EC%B2%A0%20%ED%99%98%EC%8A%B9%20%EC%A0%95%EB%B3%B4,,
future_network,구성,GTX-A,성남,수인분당선,신갈,,needs_verification,topology_scaffold,https://namu.wiki/w/%EC%88%98%EB%8F%84%EA%B6%8C%20%EC%A0%84%EC%B2%A0%20%ED%99%98%EC%8A%B9%20%EC%A0%95%EB%B3%B4,,
future_network,구성,수인분당선,보정,GTX-A,동탄,,needs_verification,topology_scaffold,https://namu.wiki/w/%EC%88%98%EB%8F%84%EA%B6%8C%20%EC%A0%84%EC%B2%A0%20%ED%99%98%EC%8A%B9%20%EC%A0%95%EB%B3%B4/%EC%88%98%EB%8F%84%EA%B6%8C%20%EC%A0%84%EC%B2%A0%20%EC%88%98%EC%9D%B8%C2%B7%EB%B6%84%EB%8B%B9%EC%84%A0,,
future_network,구성,수인분당선,보정,GTX-A,성남,,needs_verification,topology_scaffold,https://namu.wiki/w/%EC%88%98%EB%8F%84%EA%B6%8C%20%EC%A0%84%EC%B2%A0%20%ED%99%98%EC%8A%B9%20%EC%A0%95%EB%B3%B4/%EC%88%98%EB%8F%84%EA%B6%8C%20%EC%A0%84%EC%B2%A0%20%EC%88%98%EC%9D%B8%C2%B7%EB%B6%84%EB%8B%B9%EC%84%A0,,
future_network,구성,수인분당선,신갈,GTX-A,동탄,,needs_verification,topology_scaffold,https://namu.wiki/w/%EC%88%98%EB%8F%84%EA%B6%8C%20%EC%A0%84%EC%B2%A0%20%ED%99%98%EC%8A%B9%20%EC%A0%95%EB%B3%B4/%EC%88%98%EB%8F%84%EA%B6%8C%20%EC%A0%84%EC%B2%A0%20%EC%88%98%EC%9D%B8%C2%B7%EB%B6%84%EB%8B%B9%EC%84%A0,,
future_network,구성,수인분당선,신갈,GTX-A,성남,,needs_verification,topology_scaffold,https://namu.wiki/w/%EC%88%98%EB%8F%84%EA%B6%8C%20%EC%A0%84%EC%B2%A0%20%ED%99%98%EC%8A%B9%20%EC%A0%95%EB%B3%B4/%EC%88%98%EB%8F%84%EA%B6%8C%20%EC%A0%84%EC%B2%A0%20%EC%88%98%EC%9D%B8%C2%B7%EB%B6%84%EB%8B%B9%EC%84%A0,,
future_network,기흥,수인분당선,상갈,용인경전철,강남대,,needs_verification,topology_scaffold,https://namu.wiki/w/%EC%88%98%EB%8F%84%EA%B6%8C%20%EC%A0%84%EC%B2%A0%20%ED%99%98%EC%8A%B9%20%EC%A0%95%EB%B3%B4/%EC%88%98%EB%8F%84%EA%B6%8C%20%EC%A0%84%EC%B2%A0%20%EC%88%98%EC%9D%B8%C2%B7%EB%B6%84%EB%8B%B9%EC%84%A0,,
future_network,기흥,수인분당선,신갈,용인경전철,강남대,,needs_verification,topology_scaffold,https://namu.wiki/w/%EC%88%98%EB%8F%84%EA%B6%8C%20%EC%A0%84%EC%B2%A0%20%ED%99%98%EC%8A%B9%20%EC%A0%95%EB%B3%B4/%EC%88%98%EB%8F%84%EA%B6%8C%20%EC%A0%84%EC%B2%A0%20%EC%88%98%EC%9D%B8%C2%B7%EB%B6%84%EB%8B%B9%EC%84%A0,,
future_network,기흥,용인경전철,강남대,수인분당선,상갈,,needs_verification,topology_scaffold,https://namu.wiki/w/%EC%88%98%EB%8F%84%EA%B6%8C%20%EC%A0%84%EC%B2%A0%20%ED%99%98%EC%8A%B9%20%EC%A0%95%EB%B3%B4,,
future_network,기흥,용인경전철,강남대,수인분당선,신갈,,needs_verification,topology_scaffold,https://namu.wiki/w/%EC%88%98%EB%8F%84%EA%B6%8C%20%EC%A0%84%EC%B2%A0%20%ED%99%98%EC%8A%B9%20%EC%A0%95%EB%B3%B4,,
future_network,김포공항,5호선,개화산,김포골드라인,고촌,,needs_verification,topology_scaffold,https://namu.wiki/w/%EC%88%98%EB%8F%84%EA%B6%8C%20%EC%A0%84%EC%B2%A0%20%ED%99%98%EC%8A%B9%20%EC%A0%95%EB%B3%B4/%EC%88%98%EB%8F%84%EA%B6%8C%20%EC%A0%84%EC%B2%A0%205%ED%98%B8%EC%84%A0,,
future_network,김포공항,5호선,송정,김포골드라인,고촌,,needs_verification,topology_scaffold,https://namu.wiki/w/%EC%88%98%EB%8F%84%EA%B6%8C%20%EC%A0%84%EC%B2%A0%20%ED%99%98%EC%8A%B9%20%EC%A0%95%EB%B3%B4/%EC%88%98%EB%8F%84%EA%B6%8C%20%EC%A0%84%EC%B2%A0%205%ED%98%B8%EC%84%A0,,
future_network,김포공항,공항철도,계양,김포골드라인,고촌,,needs_verification,topology_scaffold,https://namu.wiki/w/%EC%88%98%EB%8F%84%EA%B6%8C%20%EC%A0%84%EC%B2%A0%20%ED%99%98%EC%8A%B9%20%EC%A0%95%EB%B3%B4,,
future_network,김포공항,공항철도,마곡나루,김포골드라인,고촌,,needs_verification,topology_scaffold,https://namu.wiki/w/%EC%88%98%EB%8F%84%EA%B6%8C%20%EC%A0%84%EC%B2%A0%20%ED%99%98%EC%8A%B9%20%EC%A0%95%EB%B3%B4,,
future_network,김포공항,김포골드라인,고촌,5호선,개화산,,needs_verification,topology_scaffold,https://namu.wiki/w/%EC%88%98%EB%8F%84%EA%B6%8C%20%EC%A0%84%EC%B2%A0%20%ED%99%98%EC%8A%B9%20%EC%A0%95%EB%B3%B4,,
future_network,김포공항,김포골드라인,고촌,5호선,송정,,needs_verification,topology_scaffold,https://namu.wiki/w/%EC%88%98%EB%8F%84%EA%B6%8C%20%EC%A0%84%EC%B2%A0%20%ED%99%98%EC%8A%B9%20%EC%A0%95%EB%B3%B4,,
future_network,김포공항,김포골드라인,고촌,9호선,개화,,needs_verification,topology_scaffold,https://namu.wiki/w/%EC%88%98%EB%8F%84%EA%B6%8C%20%EC%A0%84%EC%B2%A0%20%ED%99%98%EC%8A%B9%20%EC%A0%95%EB%B3%B4,,
future_network,김포공항,김포골드라인,고촌,9호선,공항시장,,needs_verification,topology_scaffold,https://namu.wiki/w/%EC%88%98%EB%8F%84%EA%B6%8C%20%EC%A0%84%EC%B2%A0%20%ED%99%98%EC%8A%B9%20%EC%A0%95%EB%B3%B4,,
future_network,김포공항,김포골드라인,고촌,공항철도,계양,,needs_verification,topology_scaffold,https://namu.wiki/w/%EC%88%98%EB%8F%84%EA%B6%8C%20%EC%A0%84%EC%B2%A0%20%ED%99%98%EC%8A%B9%20%EC%A0%95%EB%B3%B4,,
future_network,김포공항,김포골드라인,고촌,공항철도,마곡나루,,needs_verification,topology_scaffold,https://namu.wiki/w/%EC%88%98%EB%8F%84%EA%B6%8C%20%EC%A0%84%EC%B2%A0%20%ED%99%98%EC%8A%B9%20%EC%A0%95%EB%B3%B4,,
future_network,김포공항,김포골드라인,고촌,서해선,능곡,,needs_verification,topology_scaffold,https://namu.wiki/w/%EC%88%98%EB%8F%84%EA%B6%8C%20%EC%A0%84%EC%B2%A0%20%ED%99%98%EC%8A%B9%20%EC%A0%95%EB%B3%B4,,
future_network,김포공항,김포골드라인,고촌,서해선,원종,,needs_verification,topology_scaffold,https://namu.wiki/w/%EC%88%98%EB%8F%84%EA%B6%8C%20%EC%A0%84%EC%B2%A0%20%ED%99%98%EC%8A%B9%20%EC%A0%95%EB%B3%B4,,
future_network,김포공항,서해선,능곡,김포골드라인,고촌,,needs_verification,topology_scaffold,https://namu.wiki/w/%EC%88%98%EB%8F%84%EA%B6%8C%20%EC%A0%84%EC%B2%A0%20%ED%99%98%EC%8A%B9%20%EC%A0%95%EB%B3%B4,,
future_network,김포공항,서해선,원종,김포골드라인,고촌,,needs_verification,topology_scaffold,https://namu.wiki/w/%EC%88%98%EB%8F%84%EA%B6%8C%20%EC%A0%84%EC%B2%A0%20%ED%99%98%EC%8A%B9%20%EC%A0%95%EB%B3%B4,,
future_network,대곡,GTX-A,연신내,3호선,백석,,needs_verification,topology_scaffold,https://namu.wiki/w/%EC%88%98%EB%8F%84%EA%B6%8C%20%EC%A0%84%EC%B2%A0%20%ED%99%98%EC%8A%B9%20%EC%A0%95%EB%B3%B4,,
future_network,대곡,GTX-A,연신내,3호선,화정,,needs_verification,topology_scaffold,https://namu.wiki/w/%EC%88%98%EB%8F%84%EA%B6%8C%20%EC%A0%84%EC%B2%A0%20%ED%99%98%EC%8A%B9%20%EC%A0%95%EB%B3%B4,,
future_network,대곡,GTX-A,연신내,경의중앙선,곡산,,needs_verification,topology_scaffold,https://namu.wiki/w/%EC%88%98%EB%8F%84%EA%B6%8C%20%EC%A0%84%EC%B2%A0%20%ED%99%98%EC%8A%B9%20%EC%A0%95%EB%B3%B4,,
future_network,대곡,GTX-A,연신내,경의중앙선,능곡,,needs_verification,topology_scaffold,https://namu.wiki/w/%EC%88%98%EB%8F%84%EA%B6%8C%20%EC%A0%84%EC%B2%A0%20%ED%99%98%EC%8A%B9%20%EC%A0%95%EB%B3%B4,,
future_network,대곡,GTX-A,연신내,서해선,곡산,,needs_verification,topology_scaffold,https://namu.wiki/w/%EC%88%98%EB%8F%84%EA%B6%8C%20%EC%A0%84%EC%B2%A0%20%ED%99%98%EC%8A%B9%20%EC%A0%95%EB%B3%B4,,
future_network,대곡,GTX-A,연신내,서해선,능곡,,needs_verification,topology_scaffold,https://namu.wiki/w/%EC%88%98%EB%8F%84%EA%B6%8C%20%EC%A0%84%EC%B2%A0%20%ED%99%98%EC%8A%B9%20%EC%A0%95%EB%B3%B4,,
future_network,대곡,GTX-A,킨텍스,3호선,백석,,needs_verification,topology_scaffold,https://namu.wiki/w/%EC%88%98%EB%8F%84%EA%B6%8C%20%EC%A0%84%EC%B2%A0%20%ED%99%98%EC%8A%B9%20%EC%A0%95%EB%B3%B4,,
future_network,대곡,GTX-A,킨텍스,3호선,화정,,needs_verification,topology_scaffold,https://namu.wiki/w/%EC%88%98%EB%8F%84%EA%B6%8C%20%EC%A0%84%EC%B2%A0%20%ED%99%98%EC%8A%B9%20%EC%A0%95%EB%B3%B4,,
future_network,대곡,GTX-A,킨텍스,경의중앙선,곡산,,needs_verification,topology_scaffold,https://namu.wiki/w/%EC%88%98%EB%8F%84%EA%B6%8C%20%EC%A0%84%EC%B2%A0%20%ED%99%98%EC%8A%B9%20%EC%A0%95%EB%B3%B4,,
future_network,대곡,GTX-A,킨텍스,경의중앙선,능곡,,needs_verification,topology_scaffold,https://namu.wiki/w/%EC%88%98%EB%8F%84%EA%B6%8C%20%EC%A0%84%EC%B2%A0%20%ED%99%98%EC%8A%B9%20%EC%A0%95%EB%B3%B4,,
future_network,대곡,GTX-A,킨텍스,서해선,곡산,,needs_verification,topology_scaffold,https://namu.wiki/w/%EC%88%98%EB%8F%84%EA%B6%8C%20%EC%A0%84%EC%B2%A0%20%ED%99%98%EC%8A%B9%20%EC%A0%95%EB%B3%B4,,
future_network,대곡,GTX-A,킨텍스,서해선,능곡,,needs_verification,topology_scaffold,https://namu.wiki/w/%EC%88%98%EB%8F%84%EA%B6%8C%20%EC%A0%84%EC%B2%A0%20%ED%99%98%EC%8A%B9%20%EC%A0%95%EB%B3%B4,,
future_network,대곡,경의중앙선,곡산,GTX-A,연신내,,needs_verification,topology_scaffold,https://namu.wiki/w/%EC%88%98%EB%8F%84%EA%B6%8C%20%EC%A0%84%EC%B2%A0%20%ED%99%98%EC%8A%B9%20%EC%A0%95%EB%B3%B4/%EC%88%98%EB%8F%84%EA%B6%8C%20%EC%A0%84%EC%B2%A0%20%EA%B2%BD%EC%9D%98%C2%B7%EC%A4%91%EC%95%99%EC%84%A0,,
future_network,대곡,경의중앙선,곡산,GTX-A,킨텍스,,needs_verification,topology_scaffold,https://namu.wiki/w/%EC%88%98%EB%8F%84%EA%B6%8C%20%EC%A0%84%EC%B2%A0%20%ED%99%98%EC%8A%B9%20%EC%A0%95%EB%B3%B4/%EC%88%98%EB%8F%84%EA%B6%8C%20%EC%A0%84%EC%B2%A0%20%EA%B2%BD%EC%9D%98%C2%B7%EC%A4%91%EC%95%99%EC%84%A0,,
future_network,대곡,경의중앙선,능곡,GTX-A,연신내,,needs_verification,topology_scaffold,https://namu.wiki/w/%EC%88%98%EB%8F%84%EA%B6%8C%20%EC%A0%84%EC%B2%A0%20%ED%99%98%EC%8A%B9%20%EC%A0%95%EB%B3%B4/%EC%88%98%EB%8F%84%EA%B6%8C%20%EC%A0%84%EC%B2%A0%20%EA%B2%BD%EC%9D%98%C2%B7%EC%A4%91%EC%95%99%EC%84%A0,,
future_network,대곡,경의중앙선,능곡,GTX-A,킨텍스,,needs_verification,topology_scaffold,https://namu.wiki/w/%EC%88%98%EB%8F%84%EA%B6%8C%20%EC%A0%84%EC%B2%A0%20%ED%99%98%EC%8A%B9%20%EC%A0%95%EB%B3%B4/%EC%88%98%EB%8F%84%EA%B6%8C%20%EC%A0%84%EC%B2%A0%20%EA%B2%BD%EC%9D%98%C2%B7%EC%A4%91%EC%95%99%EC%84%A0,,
future_network,대곡,서해선,곡산,GTX-A,연신내,,needs_verification,topology_scaffold,https://namu.wiki/w/%EC%88%98%EB%8F%84%EA%B6%8C%20%EC%A0%84%EC%B2%A0%20%ED%99%98%EC%8A%B9%20%EC%A0%95%EB%B3%B4,,
future_network,대곡,서해선,곡산,GTX-A,킨텍스,,needs_verification,topology_scaffold,https://namu.wiki/w/%EC%88%98%EB%8F%84%EA%B6%8C%20%EC%A0%84%EC%B2%A0%20%ED%99%98%EC%8A%B9%20%EC%A0%95%EB%B3%B4,,
future_network,대곡,서해선,능곡,GTX-A,연신내,,needs_verification,topology_scaffold,https://namu.wiki/w/%EC%88%98%EB%8F%84%EA%B6%8C%20%EC%A0%84%EC%B2%A0%20%ED%99%98%EC%8A%B9%20%EC%A0%95%EB%B3%B4,,
future_network,대곡,서해선,능곡,GTX-A,킨텍스,,needs_verification,topology_scaffold,https://namu.wiki/w/%EC%88%98%EB%8F%84%EA%B6%8C%20%EC%A0%84%EC%B2%A0%20%ED%99%98%EC%8A%B9%20%EC%A0%95%EB%B3%B4,,
future_network,대방,1호선,노량진,신림선,샛강,,needs_verification,topology_scaffold,https://namu.wiki/w/%EC%88%98%EB%8F%84%EA%B6%8C%20%EC%A0%84%EC%B2%A0%20%ED%99%98%EC%8A%B9%20%EC%A0%95%EB%B3%B4/%EC%88%98%EB%8F%84%EA%B6%8C%20%EC%A0%84%EC%B2%A0%201%ED%98%B8%EC%84%A0,,
future_network,대방,1호선,노량진,신림선,서울지방병무청,,needs_verification,topology_scaffold,https://namu.wiki/w/%EC%88%98%EB%8F%84%EA%B6%8C%20%EC%A0%84%EC%B2%A0%20%ED%99%98%EC%8A%B9%20%EC%A0%95%EB%B3%B4/%EC%88%98%EB%8F%84%EA%B6%8C%20%EC%A0%84%EC%B2%A0%201%ED%98%B8%EC%84%A0,,
future_network,대방,1호선,신길,신림선,샛강,,needs_verification,topology_scaffold,https://namu.wiki/w/%EC%88%98%EB%8F%84%EA%B6%8C%20%EC%A0%84%EC%B2%A0%20%ED%99%98%EC%8A%B9%20%EC%A0%95%EB%B3%B4/%EC%88%98%EB%8F%84%EA%B6%8C%20%EC%A0%84%EC%B2%A0%201%ED%98%B8%EC%84%A0,,
future_network,대방,1호선,신길,신림선,서울지방병무청,,needs_verification,topology_scaffold,https://namu.wiki/w/%EC%88%98%EB%8F%84%EA%B6%8C%20%EC%A0%84%EC%B2%A0%20%ED%99%98%EC%8A%B9%20%EC%A0%95%EB%B3%B4/%EC%88%98%EB%8F%84%EA%B6%8C%20%EC%A0%84%EC%B2%A0%201%ED%98%B8%EC%84%A0,,
future_network,대방,신림선,샛강,1호선,노량진,,needs_verification,topology_scaffold,https://namu.wiki/w/%EC%88%98%EB%8F%84%EA%B6%8C%20%EC%A0%84%EC%B2%A0%20%ED%99%98%EC%8A%B9%20%EC%A0%95%EB%B3%B4,,
future_network,대방,신림선,샛강,1호선,신길,,needs_verification,topology_scaffold,https://namu.wiki/w/%EC%88%98%EB%8F%84%EA%B6%8C%20%EC%A0%84%EC%B2%A0%20%ED%99%98%EC%8A%B9%20%EC%A0%95%EB%B3%B4,,
future_network,대방,신림선,서울지방병무청,1호선,노량진,,needs_verification,topology_scaffold,https://namu.wiki/w/%EC%88%98%EB%8F%84%EA%B6%8C%20%EC%A0%84%EC%B2%A0%20%ED%99%98%EC%8A%B9%20%EC%A0%95%EB%B3%B4,,
future_network,대방,신림선,서울지방병무청,1호선,신길,,needs_verification,topology_scaffold,https://namu.wiki/w/%EC%88%98%EB%8F%84%EA%B6%8C%20%EC%A0%84%EC%B2%A0%20%ED%99%98%EC%8A%B9%20%EC%A0%95%EB%B3%B4,,
future_network,보라매,신림선,보라매공원,7호선,신대방삼거리,,needs_verification,topology_scaffold,https://namu.wiki/w/%EC%88%98%EB%8F%84%EA%B6%8C%20%EC%A0%84%EC%B2%A0%20%ED%99%98%EC%8A%B9%20%EC%A0%95%EB%B3%B4,,
future_network,보라매,신림선,보라매공원,7호선,신풍,,needs_verification,topology_scaffold,https://namu.wiki/w/%EC%88%98%EB%8F%84%EA%B6%8C%20%EC%A0%84%EC%B2%A0%20%ED%99%98%EC%8A%B9%20%EC%A0%95%EB%B3%B4,,
future_network,보라매,신림선,서울지방병무청,7호선,신대방삼거리,,needs_verification,topology_scaffold,https://namu.wiki/w/%EC%88%98%EB%8F%84%EA%B6%8C%20%EC%A0%84%EC%B2%A0%20%ED%99%98%EC%8A%B9%20%EC%A0%95%EB%B3%B4,,
future_network,보라매,신림선,서울지방병무청,7호선,신풍,,needs_verification,topology_scaffold,https://namu.wiki/w/%EC%88%98%EB%8F%84%EA%B6%8C%20%EC%A0%84%EC%B2%A0%20%ED%99%98%EC%8A%B9%20%EC%A0%95%EB%B3%B4,,
future_network,보문,우이신설선,성신여대입구,6호선,안암,,needs_verification,topology_scaffold,https://namu.wiki/w/%EC%88%98%EB%8F%84%EA%B6%8C%20%EC%A0%84%EC%B2%A0%20%ED%99%98%EC%8A%B9%20%EC%A0%95%EB%B3%B4,,
future_network,보문,우이신설선,성신여대입구,6호선,창신,,needs_verification,topology_scaffold,https://namu.wiki/w/%EC%88%98%EB%8F%84%EA%B6%8C%20%EC%A0%84%EC%B2%A0%20%ED%99%98%EC%8A%B9%20%EC%A0%95%EB%B3%B4,,
future_network,보문,우이신설선,신설동,6호선,안암,,needs_verification,topology_scaffold,https://namu.wiki/w/%EC%88%98%EB%8F%84%EA%B6%8C%20%EC%A0%84%EC%B2%A0%20%ED%99%98%EC%8A%B9%20%EC%A0%95%EB%B3%B4,,
future_network,보문,우이신설선,신설동,6호선,창신,,needs_verification,topology_scaffold,https://namu.wiki/w/%EC%88%98%EB%8F%84%EA%B6%8C%20%EC%A0%84%EC%B2%A0%20%ED%99%98%EC%8A%B9%20%EC%A0%95%EB%B3%B4,,
future_network,부평,인천1호선,동수,1호선,동암,,needs_verification,topology_scaffold,https://namu.wiki/w/%EC%88%98%EB%8F%84%EA%B6%8C%20%EC%A0%84%EC%B2%A0%20%ED%99%98%EC%8A%B9%20%EC%A0%95%EB%B3%B4,,
future_network,부평,인천1호선,동수,1호선,백운,,needs_verification,topology_scaffold,https://namu.wiki/w/%EC%88%98%EB%8F%84%EA%B6%8C%20%EC%A0%84%EC%B2%A0%20%ED%99%98%EC%8A%B9%20%EC%A0%95%EB%B3%B4,,
future_network,부평,인천1호선,부평시장,1호선,동암,,needs_verification,topology_scaffold,https://namu.wiki/w/%EC%88%98%EB%8F%84%EA%B6%8C%20%EC%A0%84%EC%B2%A0%20%ED%99%98%EC%8A%B9%20%EC%A0%95%EB%B3%B4,,
future_network,부평,인천1호선,부평시장,1호선,백운,,needs_verification,topology_scaffold,https://namu.wiki/w/%EC%88%98%EB%8F%84%EA%B6%8C%20%EC%A0%84%EC%B2%A0%20%ED%99%98%EC%8A%B9%20%EC%A0%95%EB%B3%B4,,
future_network,부평구청,7호선,굴포천,인천1호선,갈산,,needs_verification,topology_scaffold,https://namu.wiki/w/%EC%88%98%EB%8F%84%EA%B6%8C%20%EC%A0%84%EC%B2%A0%20%ED%99%98%EC%8A%B9%20%EC%A0%95%EB%B3%B4/%EC%84%9C%EC%9A%B8%20%EC%A7%80%ED%95%98%EC%B2%A0%207%ED%98%B8%EC%84%A0,,
future_network,부평구청,7호선,굴포천,인천1호선,부평시장,,needs_verification,topology_scaffold,https://namu.wiki/w/%EC%88%98%EB%8F%84%EA%B6%8C%20%EC%A0%84%EC%B2%A0%20%ED%99%98%EC%8A%B9%20%EC%A0%95%EB%B3%B4/%EC%84%9C%EC%9A%B8%20%EC%A7%80%ED%95%98%EC%B2%A0%207%ED%98%B8%EC%84%A0,,
future_network,부평구청,7호선,산곡,인천1호선,갈산,,needs_verification,topology_scaffold,https://namu.wiki/w/%EC%88%98%EB%8F%84%EA%B6%8C%20%EC%A0%84%EC%B2%A0%20%ED%99%98%EC%8A%B9%20%EC%A0%95%EB%B3%B4/%EC%84%9C%EC%9A%B8%20%EC%A7%80%ED%95%98%EC%B2%A0%207%ED%98%B8%EC%84%A0,,
future_network,부평구청,7호선,산곡,인천1호선,부평시장,,needs_verification,topology_scaffold,https://namu.wiki/w/%EC%88%98%EB%8F%84%EA%B6%8C%20%EC%A0%84%EC%B2%A0%20%ED%99%98%EC%8A%B9%20%EC%A0%95%EB%B3%B4/%EC%84%9C%EC%9A%B8%20%EC%A7%80%ED%95%98%EC%B2%A0%207%ED%98%B8%EC%84%A0,,
future_network,샛강,신림선,대방,9호선,노량진,,needs_verification,topology_scaffold,https://namu.wiki/w/%EC%88%98%EB%8F%84%EA%B6%8C%20%EC%A0%84%EC%B2%A0%20%ED%99%98%EC%8A%B9%20%EC%A0%95%EB%B3%B4,,
future_network,샛강,신림선,대방,9호선,여의도,,needs_verification,topology_scaffold,https://namu.wiki/w/%EC%88%98%EB%8F%84%EA%B6%8C%20%EC%A0%84%EC%B2%A0%20%ED%99%98%EC%8A%B9%20%EC%A0%95%EB%B3%B4,,
future_network,서울역,1호선,남영,GTX-A,연신내,,needs_verification,topology_scaffold,https://namu.wiki/w/%EC%88%98%EB%8F%84%EA%B6%8C%20%EC%A0%84%EC%B2%A0%20%ED%99%98%EC%8A%B9%20%EC%A0%95%EB%B3%B4/%EC%88%98%EB%8F%84%EA%B6%8C%20%EC%A0%84%EC%B2%A0%201%ED%98%B8%EC%84%A0,,
future_network,서울역,1호선,시청,GTX-A,연신내,,needs_verification,topology_scaffold,https://namu.wiki/w/%EC%88%98%EB%8F%84%EA%B6%8C%20%EC%A0%84%EC%B2%A0%20%ED%99%98%EC%8A%B9%20%EC%A0%95%EB%B3%B4/%EC%88%98%EB%8F%84%EA%B6%8C%20%EC%A0%84%EC%B2%A0%201%ED%98%B8%EC%84%A0,,
future_network,서울역,4호선,숙대입구,GTX-A,연신내,,needs_verification,topology_scaffold,https://namu.wiki/w/%EC%88%98%EB%8F%84%EA%B6%8C%20%EC%A0%84%EC%B2%A0%20%ED%99%98%EC%8A%B9%20%EC%A0%95%EB%B3%B4/%EC%88%98%EB%8F%84%EA%B6%8C%20%EC%A0%84%EC%B2%A0%204%ED%98%B8%EC%84%A0,,
future_network,서울역,4호선,회현,GTX-A,연신내,,needs_verification,topology_scaffold,https://namu.wiki/w/%EC%88%98%EB%8F%84%EA%B6%8C%20%EC%A0%84%EC%B2%A0%20%ED%99%98%EC%8A%B9%20%EC%A0%95%EB%B3%B4/%EC%88%98%EB%8F%84%EA%B6%8C%20%EC%A0%84%EC%B2%A0%204%ED%98%B8%EC%84%A0,,
future_network,서울역,GTX-A,연신내,1호선,남영,,needs_verification,topology_scaffold,https://namu.wiki/w/%EC%88%98%EB%8F%84%EA%B6%8C%20%EC%A0%84%EC%B2%A0%20%ED%99%98%EC%8A%B9%20%EC%A0%95%EB%B3%B4,,
future_network,서울역,GTX-A,연신내,1호선,시청,,needs_verification,topology_scaffold,https://namu.wiki/w/%EC%88%98%EB%8F%84%EA%B6%8C%20%EC%A0%84%EC%B2%A0%20%ED%99%98%EC%8A%B9%20%EC%A0%95%EB%B3%B4,,
future_network,서울역,GTX-A,연신내,4호선,숙대입구,,needs_verification,topology_scaffold,https://namu.wiki/w/%EC%88%98%EB%8F%84%EA%B6%8C%20%EC%A0%84%EC%B2%A0%20%ED%99%98%EC%8A%B9%20%EC%A0%95%EB%B3%B4,,
future_network,서울역,GTX-A,연신내,4호선,회현,,needs_verification,topology_scaffold,https://namu.wiki/w/%EC%88%98%EB%8F%84%EA%B6%8C%20%EC%A0%84%EC%B2%A0%20%ED%99%98%EC%8A%B9%20%EC%A0%95%EB%B3%B4,,
future_network,서울역,GTX-A,연신내,공항철도,공덕,,needs_verification,topology_scaffold,https://namu.wiki/w/%EC%88%98%EB%8F%84%EA%B6%8C%20%EC%A0%84%EC%B2%A0%20%ED%99%98%EC%8A%B9%20%EC%A0%95%EB%B3%B4,,
future_network,서울역,공항철도,공덕,GTX-A,연신내,,needs_verification,topology_scaffold,https://namu.wiki/w/%EC%88%98%EB%8F%84%EA%B6%8C%20%EC%A0%84%EC%B2%A0%20%ED%99%98%EC%8A%B9%20%EC%A0%95%EB%B3%B4,,
future_network,석남,인천2호선,가정중앙시장,7호선,산곡,,needs_verification,topology_scaffold,https://namu.wiki/w/%EC%88%98%EB%8F%84%EA%B6%8C%20%EC%A0%84%EC%B2%A0%20%ED%99%98%EC%8A%B9%20%EC%A0%95%EB%B3%B4,,
future_network,석남,인천2호선,서부여성회관,7호선,산곡,,needs_verification,topology_scaffold,https://namu.wiki/w/%EC%88%98%EB%8F%84%EA%B6%8C%20%EC%A0%84%EC%B2%A0%20%ED%99%98%EC%8A%B9%20%EC%A0%95%EB%B3%B4,,
future_network,성남,GTX-A,구성,경강선,이매,,needs_verification,topology_scaffold,https://namu.wiki/w/%EC%88%98%EB%8F%84%EA%B6%8C%20%EC%A0%84%EC%B2%A0%20%ED%99%98%EC%8A%B9%20%EC%A0%95%EB%B3%B4,,
future_network,성남,GTX-A,구성,경강선,판교,,needs_verification,topology_scaffold,https://namu.wiki/w/%EC%88%98%EB%8F%84%EA%B6%8C%20%EC%A0%84%EC%B2%A0%20%ED%99%98%EC%8A%B9%20%EC%A0%95%EB%B3%B4,,
future_network,성남,GTX-A,수서,경강선,이매,,needs_verification,topology_scaffold,https://namu.wiki/w/%EC%88%98%EB%8F%84%EA%B6%8C%20%EC%A0%84%EC%B2%A0%20%ED%99%98%EC%8A%B9%20%EC%A0%95%EB%B3%B4,,
future_network,성남,GTX-A,수서,경강선,판교,,needs_verification,topology_scaffold,https://namu.wiki/w/%EC%88%98%EB%8F%84%EA%B6%8C%20%EC%A0%84%EC%B2%A0%20%ED%99%98%EC%8A%B9%20%EC%A0%95%EB%B3%B4,,
future_network,성남,경강선,이매,GTX-A,구성,,needs_verification,topology_scaffold,https://namu.wiki/w/%EC%88%98%EB%8F%84%EA%B6%8C%20%EC%A0%84%EC%B2%A0%20%ED%99%98%EC%8A%B9%20%EC%A0%95%EB%B3%B4,,
future_network,성남,경강선,이매,GTX-A,수서,,needs_verification,topology_scaffold,https://namu.wiki/w/%EC%88%98%EB%8F%84%EA%B6%8C%20%EC%A0%84%EC%B2%A0%20%ED%99%98%EC%8A%B9%20%EC%A0%95%EB%B3%B4,,
future_network,성남,경강선,판교,GTX-A,구성,,needs_verification,topology_scaffold,https://namu.wiki/w/%EC%88%98%EB%8F%84%EA%B6%8C%20%EC%A0%84%EC%B2%A0%20%ED%99%98%EC%8A%B9%20%EC%A0%95%EB%B3%B4,,
future_network,성남,경강선,판교,GTX-A,수서,,needs_verification,topology_scaffold,https://namu.wiki/w/%EC%88%98%EB%8F%84%EA%B6%8C%20%EC%A0%84%EC%B2%A0%20%ED%99%98%EC%8A%B9%20%EC%A0%95%EB%B3%B4,,
future_network,성신여대입구,우이신설선,보문,4호선,길음,,needs_verification,topology_scaffold,https://namu.wiki/w/%EC%88%98%EB%8F%84%EA%B6%8C%20%EC%A0%84%EC%B2%A0%20%ED%99%98%EC%8A%B9%20%EC%A0%95%EB%B3%B4,,
future_network,성신여대입구,우이신설선,보문,4호선,한성대입구,,needs_verification,topology_scaffold,https://namu.wiki/w/%EC%88%98%EB%8F%84%EA%B6%8C%20%EC%A0%84%EC%B2%A0%20%ED%99%98%EC%8A%B9%20%EC%A0%95%EB%B3%B4,,
future_network,성신여대입구,우이신설선,정릉,4호선,길음,,needs_verification,topology_scaffold,https://namu.wiki/w/%EC%88%98%EB%8F%84%EA%B6%8C%20%EC%A0%84%EC%B2%A0%20%ED%99%98%EC%8A%B9%20%EC%A0%95%EB%B3%B4,,
future_network,성신여대입구,우이신설선,정릉,4호선,한성대입구,,needs_verification,topology_scaffold,https://namu.wiki/w/%EC%88%98%EB%8F%84%EA%B6%8C%20%EC%A0%84%EC%B2%A0%20%ED%99%98%EC%8A%B9%20%EC%A0%95%EB%B3%B4,,
future_network,수서,GTX-A,성남,수인분당선,대모산입구,,needs_verification,topology_scaffold,https://namu.wiki/w/%EC%88%98%EB%8F%84%EA%B6%8C%20%EC%A0%84%EC%B2%A0%20%ED%99%98%EC%8A%B9%20%EC%A0%95%EB%B3%B4,,
future_network,수서,GTX-A,성남,수인분당선,복정,,needs_verification,topology_scaffold,https://namu.wiki/w/%EC%88%98%EB%8F%84%EA%B6%8C%20%EC%A0%84%EC%B2%A0%20%ED%99%98%EC%8A%B9%20%EC%A0%95%EB%B3%B4,,
future_network,수서,수인분당선,대모산입구,GTX-A,성남,,needs_verification,topology_scaffold,https://namu.wiki/w/%EC%88%98%EB%8F%84%EA%B6%8C%20%EC%A0%84%EC%B2%A0%20%ED%99%98%EC%8A%B9%20%EC%A0%95%EB%B3%B4/%EC%88%98%EB%8F%84%EA%B6%8C%20%EC%A0%84%EC%B2%A0%20%EC%88%98%EC%9D%B8%C2%B7%EB%B6%84%EB%8B%B9%EC%84%A0,,
future_network,수서,수인분당선,복정,GTX-A,성남,,needs_verification,topology_scaffold,https://namu.wiki/w/%EC%88%98%EB%8F%84%EA%B6%8C%20%EC%A0%84%EC%B2%A0%20%ED%99%98%EC%8A%B9%20%EC%A0%95%EB%B3%B4/%EC%88%98%EB%8F%84%EA%B6%8C%20%EC%A0%84%EC%B2%A0%20%EC%88%98%EC%9D%B8%C2%B7%EB%B6%84%EB%8B%B9%EC%84%A0,,
future_network,신림,신림선,당곡,2호선,봉천,,needs_verification,topology_scaffold,https://namu.wiki/w/%EC%88%98%EB%8F%84%EA%B6%8C%20%EC%A0%84%EC%B2%A0%20%ED%99%98%EC%8A%B9%20%EC%A0%95%EB%B3%B4,,
future_network,신림,신림선,당곡,2호선,신대방,,needs_verification,topology_scaffold,https://namu.wiki/w/%EC%88%98%EB%8F%84%EA%B6%8C%20%EC%A0%84%EC%B2%A0%20%ED%99%98%EC%8A%B9%20%EC%A0%95%EB%B3%B4,,
future_network,신림,신림선,서원,2호선,봉천,,needs_verification,topology_scaffold,https://namu.wiki/w/%EC%88%98%EB%8F%84%EA%B6%8C%20%EC%A0%84%EC%B2%A0%20%ED%99%98%EC%8A%B9%20%EC%A0%95%EB%B3%B4,,
future_network,신림,신림선,서원,2호선,신대방,,needs_verification,topology_scaffold,https://namu.wiki/w/%EC%88%98%EB%8F%84%EA%B6%8C%20%EC%A0%84%EC%B2%A0%20%ED%99%98%EC%8A%B9%20%EC%A0%95%EB%B3%B4,,
future_network,원인재,인천1호선,동춘,수인분당선,남동인더스파크,,needs_verification,topology_scaffold,https://namu.wiki/w/%EC%88%98%EB%8F%84%EA%B6%8C%20%EC%A0%84%EC%B2%A0%20%ED%99%98%EC%8A%B9%20%EC%A0%95%EB%B3%B4,,
future_network,원인재,인천1호선,동춘,수인분당선,연수,,needs_verification,topology_scaffold,https://namu.wiki/w/%EC%88%98%EB%8F%84%EA%B6%8C%20%EC%A0%84%EC%B2%A0%20%ED%99%98%EC%8A%B9%20%EC%A0%95%EB%B3%B4,,
future_network,원인재,인천1호선,신연수,수인분당선,남동인더스파크,,needs_verification,topology_scaffold,https://namu.wiki/w/%EC%88%98%EB%8F%84%EA%B6%8C%20%EC%A0%84%EC%B2%A0%20%ED%99%98%EC%8A%B9%20%EC%A0%95%EB%B3%B4,,
future_network,원인재,인천1호선,신연수,수인분당선,연수,,needs_verification,topology_scaffold,https://namu.wiki/w/%EC%88%98%EB%8F%84%EA%B6%8C%20%EC%A0%84%EC%B2%A0%20%ED%99%98%EC%8A%B9%20%EC%A0%95%EB%B3%B4,,
future_network,주안,1호선,간석,인천2호선,시민공원,,needs_verification,topology_scaffold,https://namu.wiki/w/%EC%88%98%EB%8F%84%EA%B6%8C%20%EC%A0%84%EC%B2%A0%20%ED%99%98%EC%8A%B9%20%EC%A0%95%EB%B3%B4/%EC%88%98%EB%8F%84%EA%B6%8C%20%EC%A0%84%EC%B2%A0%201%ED%98%B8%EC%84%A0,,
future_network,주안,1호선,간석,인천2호선,주안국가산단,,needs_verification,topology_scaffold,https://namu.wiki/w/%EC%88%98%EB%8F%84%EA%B6%8C%20%EC%A0%84%EC%B2%A0%20%ED%99%98%EC%8A%B9%20%EC%A0%95%EB%B3%B4/%EC%88%98%EB%8F%84%EA%B6%8C%20%EC%A0%84%EC%B2%A0%201%ED%98%B8%EC%84%A0,,
future_network,주안,1호선,도화,인천2호선,시민공원,,needs_verification,topology_scaffold,https://namu.wiki/w/%EC%88%98%EB%8F%84%EA%B6%8C%20%EC%A0%84%EC%B2%A0%20%ED%99%98%EC%8A%B9%20%EC%A0%95%EB%B3%B4/%EC%88%98%EB%8F%84%EA%B6%8C%20%EC%A0%84%EC%B2%A0%201%ED%98%B8%EC%84%A0,,
future_network,주안,1호선,도화,인천2호선,주안국가산단,,needs_verification,topology_scaffold,https://namu.wiki/w/%EC%88%98%EB%8F%84%EA%B6%8C%20%EC%A0%84%EC%B2%A0%20%ED%99%98%EC%8A%B9%20%EC%A0%95%EB%B3%B4/%EC%88%98%EB%8F%84%EA%B6%8C%20%EC%A0%84%EC%B2%A0%201%ED%98%B8%EC%84%A0,,
future_network,주안,인천2호선,시민공원,1호선,간석,,needs_verification,topology_scaffold,https://namu.wiki/w/%EC%88%98%EB%8F%84%EA%B6%8C%20%EC%A0%84%EC%B2%A0%20%ED%99%98%EC%8A%B9%20%EC%A0%95%EB%B3%B4,,
future_network,주안,인천2호선,시민공원,1호선,도화,,needs_verification,topology_scaffold,https://namu.wiki/w/%EC%88%98%EB%8F%84%EA%B6%8C%20%EC%A0%84%EC%B2%A0%20%ED%99%98%EC%8A%B9%20%EC%A0%95%EB%B3%B4,,
future_network,주안,인천2호선,주안국가산단,1호선,간석,,needs_verification,topology_scaffold,https://namu.wiki/w/%EC%88%98%EB%8F%84%EA%B6%8C%20%EC%A0%84%EC%B2%A0%20%ED%99%98%EC%8A%B9%20%EC%A0%95%EB%B3%B4,,
future_network,주안,인천2호선,주안국가산단,1호선,도화,,needs_verification,topology_scaffold,https://namu.wiki/w/%EC%88%98%EB%8F%84%EA%B6%8C%20%EC%A0%84%EC%B2%A0%20%ED%99%98%EC%8A%B9%20%EC%A0%95%EB%B3%B4,,
future_network,회룡,1호선,망월사,의정부경전철,범골,,needs_verification,topology_scaffold,https://namu.wiki/w/%EC%88%98%EB%8F%84%EA%B6%8C%20%EC%A0%84%EC%B2%A0%20%ED%99%98%EC%8A%B9%20%EC%A0%95%EB%B3%B4/%EC%88%98%EB%8F%84%EA%B6%8C%20%EC%A0%84%EC%B2%A0%201%ED%98%B8%EC%84%A0,,
future_network,회룡,1호선,의정부,의정부경전철,범골,,needs_verification,topology_scaffold,https://namu.wiki/w/%EC%88%98%EB%8F%84%EA%B6%8C%20%EC%A0%84%EC%B2%A0%20%ED%99%98%EC%8A%B9%20%EC%A0%95%EB%B3%B4/%EC%88%98%EB%8F%84%EA%B6%8C%20%EC%A0%84%EC%B2%A0%201%ED%98%B8%EC%84%A0,,
future_network,회룡,의정부경전철,범골,1호선,망월사,,needs_verification,topology_scaffold,https://namu.wiki/w/%EC%88%98%EB%8F%84%EA%B6%8C%20%EC%A0%84%EC%B2%A0%20%ED%99%98%EC%8A%B9%20%EC%A0%95%EB%B3%B4,,
future_network,회룡,의정부경전철,범골,1호선,의정부,,needs_verification,topology_scaffold,https://namu.wiki/w/%EC%88%98%EB%8F%84%EA%B6%8C%20%EC%A0%84%EC%B2%A0%20%ED%99%98%EC%8A%B9%20%EC%A0%95%EB%B3%B4,,
